
/*******************************************************************************
   Chinook Database - Version 1.4.5
   Script: Chinook_Sqlite.sql
   Description: Creates and populates the Chinook database.
   DB Server: Sqlite
   Author: Luis Rocha
   License: https://github.com/lerocha/chinook-database/blob/master/LICENSE.md
********************************************************************************/

/*******************************************************************************
  WARNING: This file was generated by a tool and changes to this file
           will be lost when this file is regenerated.
********************************************************************************/

/*******************************************************************************
   Drop Foreign Keys Constraints
********************************************************************************/























/*******************************************************************************
   Drop Tables
********************************************************************************/
DROP TABLE IF EXISTS [Customer];

DROP TABLE IF EXISTS [Invoice];

DROP TABLE IF EXISTS [InvoiceLine];


/*******************************************************************************
   Create Tables
********************************************************************************/

CREATE TABLE [Customer]
(
    [CustomerId] INTEGER  NOT NULL,
    [FirstName] NVARCHAR(40)  NOT NULL,
    [LastName] NVARCHAR(20)  NOT NULL,
    [Company] NVARCHAR(80),
    [Address] NVARCHAR(70),
    [City] NVARCHAR(40),
    [State] NVARCHAR(40),
    [Country] NVARCHAR(40),
    [PostalCode] NVARCHAR(10),
    [Phone] NVARCHAR(24),
    [Fax] NVARCHAR(24),
    [Email] NVARCHAR(60)  NOT NULL,
    [SupportRepId] INTEGER,
    CONSTRAINT [PK_Customer] PRIMARY KEY  ([CustomerId])
);

CREATE TABLE [Invoice]
(
    [InvoiceId] INTEGER  NOT NULL,
    [CustomerId] INTEGER  NOT NULL,
    [InvoiceDate] DATETIME  NOT NULL,
    [BillingAddress] NVARCHAR(70),
    [BillingCity] NVARCHAR(40),
    [BillingState] NVARCHAR(40),
    [BillingCountry] NVARCHAR(40),
    [BillingPostalCode] NVARCHAR(10),
    [Total] NUMERIC(10,2)  NOT NULL,
    CONSTRAINT [PK_Invoice] PRIMARY KEY  ([InvoiceId]),
    FOREIGN KEY ([CustomerId]) REFERENCES [Customer] ([CustomerId]) 
		ON DELETE NO ACTION ON UPDATE NO ACTION
);

CREATE TABLE [InvoiceLine]
(
    [InvoiceLineId] INTEGER  NOT NULL,
    [InvoiceId] INTEGER  NOT NULL,
    [ProductId] INTEGER  NOT NULL,
    [Price] NUMERIC(10,2)  NOT NULL,
    [SubscriptionStatus] BOOL NOT NULL DEFAULT FALSE,
    CONSTRAINT [PK_InvoiceLine] PRIMARY KEY  ([InvoiceLineId]),
    FOREIGN KEY ([InvoiceId]) REFERENCES [Invoice] ([InvoiceId]) 
        ON DELETE NO ACTION ON UPDATE NO ACTION
);




/*******************************************************************************
   Create Primary Key Unique Indexes
********************************************************************************/

/*******************************************************************************
   Create Foreign Keys
********************************************************************************/
CREATE INDEX [IFK_InvoiceCustomerId] ON [Invoice] ([CustomerId]);


/*******************************************************************************
   Populate Tables
********************************************************************************/

INSERT INTO [Customer] ([CustomerId], [FirstName], [LastName], [Company], [Address], [City], [State], [Country], [PostalCode], [Phone], [Fax], [Email], [SupportRepId]) VALUES
    (1, 'Luís', 'Gonçalves', 'Embraer - Empresa Brasileira de Aeronáutica S.A.', 'Av. Brigadeiro Faria Lima, 2170', 'São José dos Campos', 'SP', 'Brazil', '12227-000', '+55 (12) 3923-5555', '+55 (12) 3923-5566', 'luisg@embraer.com.br', 3),
    (2, 'Leonie', 'Köhler', NULL, 'Theodor-Heuss-Straße 34', 'Stuttgart', NULL, 'Germany', '70174', '+49 0711 2842222', NULL, 'leonekohler@surfeu.de', 5),
    (3, 'François', 'Tremblay', NULL, '1498 rue Bélanger', 'Montréal', 'QC', 'Canada', 'H2G 1A7', '+1 (514) 721-4711', NULL, 'ftremblay@gmail.com', 3),
    (4, 'Bjørn', 'Hansen', NULL, 'Ullevålsveien 14', 'Oslo', NULL, 'Norway', '0171', '+47 22 44 22 22', NULL, 'bjorn.hansen@yahoo.no', 4),
    (5, 'František', 'Wichterlová', 'JetBrains s.r.o.', 'Klanova 9/506', 'Prague', NULL, 'Czech Republic', '14700', '+420 2 4172 5555', '+420 2 4172 5555', 'frantisekw@jetbrains.com', 4),
    (6, 'Helena', 'Holý', NULL, 'Rilská 3174/6', 'Prague', NULL, 'Czech Republic', '14300', '+420 2 4177 0449', NULL, 'hholy@gmail.com', 5),
    (7, 'Astrid', 'Gruber', NULL, 'Rotenturmstraße 4, 1010 Innere Stadt', 'Vienne', NULL, 'Austria', '1010', '+43 01 5134505', NULL, 'astrid.gruber@apple.at', 5),
    (8, 'Daan', 'Peeters', NULL, 'Grétrystraat 63', 'Brussels', NULL, 'Belgium', '1000', '+32 02 219 03 03', NULL, 'daan_peeters@apple.be', 4),
    (9, 'Kara', 'Nielsen', NULL, 'Sønder Boulevard 51', 'Copenhagen', NULL, 'Denmark', '1720', '+453 3331 9991', NULL, 'kara.nielsen@jubii.dk', 4),
    (10, 'Eduardo', 'Martins', 'Woodstock Discos', 'Rua Dr. Falcão Filho, 155', 'São Paulo', 'SP', 'Brazil', '01007-010', '+55 (11) 3033-5446', '+55 (11) 3033-4564', 'eduardo@woodstock.com.br', 4),
    (11, 'Alexandre', 'Rocha', 'Banco do Brasil S.A.', 'Av. Paulista, 2022', 'São Paulo', 'SP', 'Brazil', '01310-200', '+55 (11) 3055-3278', '+55 (11) 3055-8131', 'alero@uol.com.br', 5),
    (12, 'Roberto', 'Almeida', 'Riotur', 'Praça Pio X, 119', 'Rio de Janeiro', 'RJ', 'Brazil', '20040-020', '+55 (21) 2271-7000', '+55 (21) 2271-7070', 'roberto.almeida@riotur.gov.br', 3),
    (13, 'Fernanda', 'Ramos', NULL, 'Qe 7 Bloco G', 'Brasília', 'DF', 'Brazil', '71020-677', '+55 (61) 3363-5547', '+55 (61) 3363-7855', 'fernadaramos4@uol.com.br', 4),
    (14, 'Mark', 'Philips', 'Telus', '8210 111 ST NW', 'Edmonton', 'AB', 'Canada', 'T6G 2C7', '+1 (780) 434-4554', '+1 (780) 434-5565', 'mphilips12@shaw.ca', 5),
    (15, 'Jennifer', 'Peterson', 'Rogers Canada', '700 W Pender Street', 'Vancouver', 'BC', 'Canada', 'V6C 1G8', '+1 (604) 688-2255', '+1 (604) 688-8756', 'jenniferp@rogers.ca', 3),
    (16, 'Frank', 'Harris', 'Google Inc.', '1600 Amphitheatre Parkway', 'Mountain View', 'CA', 'USA', '94043-1351', '+1 (650) 253-0000', '+1 (650) 253-0000', 'fharris@google.com', 4),
    (17, 'Jack', 'Smith', 'Microsoft Corporation', '1 Microsoft Way', 'Redmond', 'WA', 'USA', '98052-8300', '+1 (425) 882-8080', '+1 (425) 882-8081', 'jacksmith@microsoft.com', 5),
    (18, 'Michelle', 'Brooks', NULL, '627 Broadway', 'New York', 'NY', 'USA', '10012-2612', '+1 (212) 221-3546', '+1 (212) 221-4679', 'michelleb@aol.com', 3),
    (19, 'Tim', 'Goyer', 'Apple Inc.', '1 Infinite Loop', 'Cupertino', 'CA', 'USA', '95014', '+1 (408) 996-1010', '+1 (408) 996-1011', 'tgoyer@apple.com', 3),
    (20, 'Dan', 'Miller', NULL, '541 Del Medio Avenue', 'Mountain View', 'CA', 'USA', '94040-111', '+1 (650) 644-3358', NULL, 'dmiller@comcast.com', 4),
    (21, 'Kathy', 'Chase', NULL, '801 W 4th Street', 'Reno', 'NV', 'USA', '89503', '+1 (775) 223-7665', NULL, 'kachase@hotmail.com', 5),
    (22, 'Heather', 'Leacock', NULL, '120 S Orange Ave', 'Orlando', 'FL', 'USA', '32801', '+1 (407) 999-7788', NULL, 'hleacock@gmail.com', 4),
    (23, 'John', 'Gordon', NULL, '69 Salem Street', 'Boston', 'MA', 'USA', '2113', '+1 (617) 522-1333', NULL, 'johngordon22@yahoo.com', 4),
    (24, 'Frank', 'Ralston', NULL, '162 E Superior Street', 'Chicago', 'IL', 'USA', '60611', '+1 (312) 332-3232', NULL, 'fralston@gmail.com', 3),
    (25, 'Victor', 'Stevens', NULL, '319 N. Frances Street', 'Madison', 'WI', 'USA', '53703', '+1 (608) 257-0597', NULL, 'vstevens@yahoo.com', 5),
    (26, 'Richard', 'Cunningham', NULL, '2211 W Berry Street', 'Fort Worth', 'TX', 'USA', '76110', '+1 (817) 924-7272', NULL, 'ricunningham@hotmail.com', 4),
    (27, 'Patrick', 'Gray', NULL, '1033 N Park Ave', 'Tucson', 'AZ', 'USA', '85719', '+1 (520) 622-4200', NULL, 'patrick.gray@aol.com', 4),
    (28, 'Julia', 'Barnett', NULL, '302 S 700 E', 'Salt Lake City', 'UT', 'USA', '84102', '+1 (801) 531-7272', NULL, 'jubarnett@gmail.com', 5),
    (29, 'Robert', 'Brown', NULL, '796 Dundas Street West', 'Toronto', 'ON', 'Canada', 'M6J 1V1', '+1 (416) 363-8888', NULL, 'robbrown@shaw.ca', 3),
    (30, 'Edward', 'Francis', NULL, '230 Elgin Street', 'Ottawa', 'ON', 'Canada', 'K2P 1L7', '+1 (613) 234-3322', NULL, 'edfrancis@yachoo.ca', 3),
    (31, 'Martha', 'Silk', NULL, '194A Chain Lake Drive', 'Halifax', 'NS', 'Canada', 'B3S 1C5', '+1 (902) 450-0450', NULL, 'marthasilk@gmail.com', 5),
    (32, 'Aaron', 'Mitchell', NULL, '696 Osborne Street', 'Winnipeg', 'MB', 'Canada', 'R3L 2B9', '+1 (204) 452-6452', NULL, 'aaronmitchell@yahoo.ca', 4),
    (33, 'Ellie', 'Sullivan', NULL, '5112 48 Street', 'Yellowknife', 'NT', 'Canada', 'X1A 1N6', '+1 (867) 920-2233', NULL, 'ellie.sullivan@shaw.ca', 3),
    (34, 'João', 'Fernandes', NULL, 'Rua da Assunção 53', 'Lisbon', NULL, 'Portugal', NULL, '+351 (213) 466-111', NULL, 'jfernandes@yahoo.pt', 4),
    (35, 'Madalena', 'Sampaio', NULL, 'Rua dos Campeões Europeus de Viena, 4350', 'Porto', NULL, 'Portugal', NULL, '+351 (225) 022-448', NULL, 'masampaio@sapo.pt', 4),
    (36, 'Hannah', 'Schneider', NULL, 'Tauentzienstraße 8', 'Berlin', NULL, 'Germany', '10789', '+49 030 26550280', NULL, 'hannah.schneider@yahoo.de', 5),
    (37, 'Fynn', 'Zimmermann', NULL, 'Berger Straße 10', 'Frankfurt', NULL, 'Germany', '60316', '+49 069 40598889', NULL, 'fzimmermann@yahoo.de', 3),
    (38, 'Niklas', 'Schröder', NULL, 'Barbarossastraße 19', 'Berlin', NULL, 'Germany', '10779', '+49 030 2141444', NULL, 'nschroder@surfeu.de', 3),
    (39, 'Camille', 'Bernard', NULL, '4, Rue Milton', 'Paris', NULL, 'France', '75009', '+33 01 49 70 65 65', NULL, 'camille.bernard@yahoo.fr', 4),
    (40, 'Dominique', 'Lefebvre', NULL, '8, Rue Hanovre', 'Paris', NULL, 'France', '75002', '+33 01 47 42 71 71', NULL, 'dominiquelefebvre@gmail.com', 4),
    (41, 'Marc', 'Dubois', NULL, '11, Place Bellecour', 'Lyon', NULL, 'France', '69002', '+33 04 78 30 30 30', NULL, 'marc.dubois@hotmail.com', 5),
    (42, 'Wyatt', 'Girard', NULL, '9, Place Louis Barthou', 'Bordeaux', NULL, 'France', '33000', '+33 05 56 96 96 96', NULL, 'wyatt.girard@yahoo.fr', 3),
    (43, 'Isabelle', 'Mercier', NULL, '68, Rue Jouvence', 'Dijon', NULL, 'France', '21000', '+33 03 80 73 66 99', NULL, 'isabelle_mercier@apple.fr', 3),
    (44, 'Terhi', 'Hämäläinen', NULL, 'Porthaninkatu 9', 'Helsinki', NULL, 'Finland', '00530', '+358 09 870 2000', NULL, 'terhi.hamalainen@apple.fi', 3),
    (45, 'Ladislav', 'Kovács', NULL, 'Erzsébet krt. 58.', 'Budapest', NULL, 'Hungary', 'H-1073', NULL, NULL, 'ladislav_kovacs@apple.hu', 3),
    (46, 'Hugh', 'O''Reilly', NULL, '3 Chatham Street', 'Dublin', 'Dublin', 'Ireland', NULL, '+353 01 6792424', NULL, 'hughoreilly@apple.ie', 3),
    (47, 'Lucas', 'Mancini', NULL, 'Via Degli Scipioni, 43', 'Rome', 'RM', 'Italy', '00192', '+39 06 39733434', NULL, 'lucas.mancini@yahoo.it', 5),
    (48, 'Johannes', 'Van der Berg', NULL, 'Lijnbaansgracht 120bg', 'Amsterdam', 'VV', 'Netherlands', '1016', '+31 020 6223130', NULL, 'johavanderberg@yahoo.nl', 5),
    (49, 'Stanisław', 'Wójcik', NULL, 'Ordynacka 10', 'Warsaw', NULL, 'Poland', '00-358', '+48 22 828 37 39', NULL, 'stanisław.wójcik@wp.pl', 4),
    (50, 'Enrique', 'Muñoz', NULL, 'C/ San Bernardo 85', 'Madrid', NULL, 'Spain', '28015', '+34 914 454 454', NULL, 'enrique_munoz@yahoo.es', 5),
    (51, 'Joakim', 'Johansson', NULL, 'Celsiusg. 9', 'Stockholm', NULL, 'Sweden', '11230', '+46 08-651 52 52', NULL, 'joakim.johansson@yahoo.se', 5),
    (52, 'Emma', 'Jones', NULL, '202 Hoxton Street', 'London', NULL, 'United Kingdom', 'N1 5LH', '+44 020 7707 0707', NULL, 'emma_jones@hotmail.com', 3),
    (53, 'Phil', 'Hughes', NULL, '113 Lupus St', 'London', NULL, 'United Kingdom', 'SW1V 3EN', '+44 020 7976 5722', NULL, 'phil.hughes@gmail.com', 3),
    (54, 'Steve', 'Murray', NULL, '110 Raeburn Pl', 'Edinburgh ', NULL, 'United Kingdom', 'EH4 1HH', '+44 0131 315 3300', NULL, 'steve.murray@yahoo.uk', 5),
    (55, 'Mark', 'Taylor', NULL, '421 Bourke Street', 'Sidney', 'NSW', 'Australia', '2010', '+61 (02) 9332 3633', NULL, 'mark.taylor@yahoo.au', 4),
    (56, 'Diego', 'Gutiérrez', NULL, '307 Macacha Güemes', 'Buenos Aires', NULL, 'Argentina', '1106', '+54 (0)11 4311 4333', NULL, 'diego.gutierrez@yahoo.ar', 4),
    (57, 'Luis', 'Rojas', NULL, 'Calle Lira, 198', 'Santiago', NULL, 'Chile', NULL, '+56 (0)2 635 4444', NULL, 'luisrojas@yahoo.cl', 5),
    (58, 'Manoj', 'Pareek', NULL, '12,Community Centre', 'Delhi', NULL, 'India', '110017', '+91 0124 39883988', NULL, 'manoj.pareek@rediff.com', 3),
    (59, 'Puja', 'Srivastava', NULL, '3,Raj Bhavan Road', 'Bangalore', NULL, 'India', '560001', '+91 080 22289999', NULL, 'puja_srivastava@yahoo.in', 3);

INSERT INTO [Invoice] ([InvoiceId], [CustomerId], [InvoiceDate], [BillingAddress], [BillingCity], [BillingState], [BillingCountry], [BillingPostalCode], [Total]) VALUES
    (1, 2, '2021-01-01 00:00:00', 'Theodor-Heuss-Straße 34', 'Stuttgart', NULL, 'Germany', '70174', 1.98),
    (2, 4, '2021-01-02 00:00:00', 'Ullevålsveien 14', 'Oslo', NULL, 'Norway', '0171', 3.96),
    (3, 8, '2021-01-03 00:00:00', 'Grétrystraat 63', 'Brussels', NULL, 'Belgium', '1000', 5.94),
    (4, 14, '2021-01-06 00:00:00', '8210 111 ST NW', 'Edmonton', 'AB', 'Canada', 'T6G 2C7', 8.91),
    (5, 23, '2021-01-11 00:00:00', '69 Salem Street', 'Boston', 'MA', 'USA', '2113', 13.86),
    (6, 37, '2021-01-19 00:00:00', 'Berger Straße 10', 'Frankfurt', NULL, 'Germany', '60316', 0.99),
    (7, 38, '2021-02-01 00:00:00', 'Barbarossastraße 19', 'Berlin', NULL, 'Germany', '10779', 1.98),
    (8, 40, '2021-02-01 00:00:00', '8, Rue Hanovre', 'Paris', NULL, 'France', '75002', 1.98),
    (9, 42, '2021-02-02 00:00:00', '9, Place Louis Barthou', 'Bordeaux', NULL, 'France', '33000', 3.96),
    (10, 46, '2021-02-03 00:00:00', '3 Chatham Street', 'Dublin', 'Dublin', 'Ireland', NULL, 5.94),
    (11, 52, '2021-02-06 00:00:00', '202 Hoxton Street', 'London', NULL, 'United Kingdom', 'N1 5LH', 8.91),
    (12, 2, '2021-02-11 00:00:00', 'Theodor-Heuss-Straße 34', 'Stuttgart', NULL, 'Germany', '70174', 13.86),
    (13, 16, '2021-02-19 00:00:00', '1600 Amphitheatre Parkway', 'Mountain View', 'CA', 'USA', '94043-1351', 0.99),
    (14, 17, '2021-03-04 00:00:00', '1 Microsoft Way', 'Redmond', 'WA', 'USA', '98052-8300', 1.98),
    (15, 19, '2021-03-04 00:00:00', '1 Infinite Loop', 'Cupertino', 'CA', 'USA', '95014', 1.98),
    (16, 21, '2021-03-05 00:00:00', '801 W 4th Street', 'Reno', 'NV', 'USA', '89503', 3.96),
    (17, 25, '2021-03-06 00:00:00', '319 N. Frances Street', 'Madison', 'WI', 'USA', '53703', 5.94),
    (18, 31, '2021-03-09 00:00:00', '194A Chain Lake Drive', 'Halifax', 'NS', 'Canada', 'B3S 1C5', 8.91),
    (19, 40, '2021-03-14 00:00:00', '8, Rue Hanovre', 'Paris', NULL, 'France', '75002', 13.86),
    (20, 54, '2021-03-22 00:00:00', '110 Raeburn Pl', 'Edinburgh ', NULL, 'United Kingdom', 'EH4 1HH', 0.99),
    (21, 55, '2021-04-04 00:00:00', '421 Bourke Street', 'Sidney', 'NSW', 'Australia', '2010', 1.98),
    (22, 57, '2021-04-04 00:00:00', 'Calle Lira, 198', 'Santiago', NULL, 'Chile', NULL, 1.98),
    (23, 59, '2021-04-05 00:00:00', '3,Raj Bhavan Road', 'Bangalore', NULL, 'India', '560001', 3.96),
    (24, 4, '2021-04-06 00:00:00', 'Ullevålsveien 14', 'Oslo', NULL, 'Norway', '0171', 5.94),
    (25, 10, '2021-04-09 00:00:00', 'Rua Dr. Falcão Filho, 155', 'São Paulo', 'SP', 'Brazil', '01007-010', 8.91),
    (26, 19, '2021-04-14 00:00:00', '1 Infinite Loop', 'Cupertino', 'CA', 'USA', '95014', 13.86),
    (27, 33, '2021-04-22 00:00:00', '5112 48 Street', 'Yellowknife', 'NT', 'Canada', 'X1A 1N6', 0.99),
    (28, 34, '2021-05-05 00:00:00', 'Rua da Assunção 53', 'Lisbon', NULL, 'Portugal', NULL, 1.98),
    (29, 36, '2021-05-05 00:00:00', 'Tauentzienstraße 8', 'Berlin', NULL, 'Germany', '10789', 1.98),
    (30, 38, '2021-05-06 00:00:00', 'Barbarossastraße 19', 'Berlin', NULL, 'Germany', '10779', 3.96),
    (31, 42, '2021-05-07 00:00:00', '9, Place Louis Barthou', 'Bordeaux', NULL, 'France', '33000', 5.94),
    (32, 48, '2021-05-10 00:00:00', 'Lijnbaansgracht 120bg', 'Amsterdam', 'VV', 'Netherlands', '1016', 8.91),
    (33, 57, '2021-05-15 00:00:00', 'Calle Lira, 198', 'Santiago', NULL, 'Chile', NULL, 13.86),
    (34, 12, '2021-05-23 00:00:00', 'Praça Pio X, 119', 'Rio de Janeiro', 'RJ', 'Brazil', '20040-020', 0.99),
    (35, 13, '2021-06-05 00:00:00', 'Qe 7 Bloco G', 'Brasília', 'DF', 'Brazil', '71020-677', 1.98),
    (36, 15, '2021-06-05 00:00:00', '700 W Pender Street', 'Vancouver', 'BC', 'Canada', 'V6C 1G8', 1.98),
    (37, 17, '2021-06-06 00:00:00', '1 Microsoft Way', 'Redmond', 'WA', 'USA', '98052-8300', 3.96),
    (38, 21, '2021-06-07 00:00:00', '801 W 4th Street', 'Reno', 'NV', 'USA', '89503', 5.94),
    (39, 27, '2021-06-10 00:00:00', '1033 N Park Ave', 'Tucson', 'AZ', 'USA', '85719', 8.91),
    (40, 36, '2021-06-15 00:00:00', 'Tauentzienstraße 8', 'Berlin', NULL, 'Germany', '10789', 13.86),
    (41, 50, '2021-06-23 00:00:00', 'C/ San Bernardo 85', 'Madrid', NULL, 'Spain', '28015', 0.99),
    (42, 51, '2021-07-06 00:00:00', 'Celsiusg. 9', 'Stockholm', NULL, 'Sweden', '11230', 1.98),
    (43, 53, '2021-07-06 00:00:00', '113 Lupus St', 'London', NULL, 'United Kingdom', 'SW1V 3EN', 1.98),
    (44, 55, '2021-07-07 00:00:00', '421 Bourke Street', 'Sidney', 'NSW', 'Australia', '2010', 3.96),
    (45, 59, '2021-07-08 00:00:00', '3,Raj Bhavan Road', 'Bangalore', NULL, 'India', '560001', 5.94),
    (46, 6, '2021-07-11 00:00:00', 'Rilská 3174/6', 'Prague', NULL, 'Czech Republic', '14300', 8.91),
    (47, 15, '2021-07-16 00:00:00', '700 W Pender Street', 'Vancouver', 'BC', 'Canada', 'V6C 1G8', 13.86),
    (48, 29, '2021-07-24 00:00:00', '796 Dundas Street West', 'Toronto', 'ON', 'Canada', 'M6J 1V1', 0.99),
    (49, 30, '2021-08-06 00:00:00', '230 Elgin Street', 'Ottawa', 'ON', 'Canada', 'K2P 1L7', 1.98),
    (50, 32, '2021-08-06 00:00:00', '696 Osborne Street', 'Winnipeg', 'MB', 'Canada', 'R3L 2B9', 1.98),
    (51, 34, '2021-08-07 00:00:00', 'Rua da Assunção 53', 'Lisbon', NULL, 'Portugal', NULL, 3.96),
    (52, 38, '2021-08-08 00:00:00', 'Barbarossastraße 19', 'Berlin', NULL, 'Germany', '10779', 5.94),
    (53, 44, '2021-08-11 00:00:00', 'Porthaninkatu 9', 'Helsinki', NULL, 'Finland', '00530', 8.91),
    (54, 53, '2021-08-16 00:00:00', '113 Lupus St', 'London', NULL, 'United Kingdom', 'SW1V 3EN', 13.86),
    (55, 8, '2021-08-24 00:00:00', 'Grétrystraat 63', 'Brussels', NULL, 'Belgium', '1000', 0.99),
    (56, 9, '2021-09-06 00:00:00', 'Sønder Boulevard 51', 'Copenhagen', NULL, 'Denmark', '1720', 1.98),
    (57, 11, '2021-09-06 00:00:00', 'Av. Paulista, 2022', 'São Paulo', 'SP', 'Brazil', '01310-200', 1.98),
    (58, 13, '2021-09-07 00:00:00', 'Qe 7 Bloco G', 'Brasília', 'DF', 'Brazil', '71020-677', 3.96),
    (59, 17, '2021-09-08 00:00:00', '1 Microsoft Way', 'Redmond', 'WA', 'USA', '98052-8300', 5.94),
    (60, 23, '2021-09-11 00:00:00', '69 Salem Street', 'Boston', 'MA', 'USA', '2113', 8.91),
    (61, 32, '2021-09-16 00:00:00', '696 Osborne Street', 'Winnipeg', 'MB', 'Canada', 'R3L 2B9', 13.86),
    (62, 46, '2021-09-24 00:00:00', '3 Chatham Street', 'Dublin', 'Dublin', 'Ireland', NULL, 0.99),
    (63, 47, '2021-10-07 00:00:00', 'Via Degli Scipioni, 43', 'Rome', 'RM', 'Italy', '00192', 1.98),
    (64, 49, '2021-10-07 00:00:00', 'Ordynacka 10', 'Warsaw', NULL, 'Poland', '00-358', 1.98),
    (65, 51, '2021-10-08 00:00:00', 'Celsiusg. 9', 'Stockholm', NULL, 'Sweden', '11230', 3.96),
    (66, 55, '2021-10-09 00:00:00', '421 Bourke Street', 'Sidney', 'NSW', 'Australia', '2010', 5.94),
    (67, 2, '2021-10-12 00:00:00', 'Theodor-Heuss-Straße 34', 'Stuttgart', NULL, 'Germany', '70174', 8.91),
    (68, 11, '2021-10-17 00:00:00', 'Av. Paulista, 2022', 'São Paulo', 'SP', 'Brazil', '01310-200', 13.86),
    (69, 25, '2021-10-25 00:00:00', '319 N. Frances Street', 'Madison', 'WI', 'USA', '53703', 0.99),
    (70, 26, '2021-11-07 00:00:00', '2211 W Berry Street', 'Fort Worth', 'TX', 'USA', '76110', 1.98),
    (71, 28, '2021-11-07 00:00:00', '302 S 700 E', 'Salt Lake City', 'UT', 'USA', '84102', 1.98),
    (72, 30, '2021-11-08 00:00:00', '230 Elgin Street', 'Ottawa', 'ON', 'Canada', 'K2P 1L7', 3.96),
    (73, 34, '2021-11-09 00:00:00', 'Rua da Assunção 53', 'Lisbon', NULL, 'Portugal', NULL, 5.94),
    (74, 40, '2021-11-12 00:00:00', '8, Rue Hanovre', 'Paris', NULL, 'France', '75002', 8.91),
    (75, 49, '2021-11-17 00:00:00', 'Ordynacka 10', 'Warsaw', NULL, 'Poland', '00-358', 13.86),
    (76, 4, '2021-11-25 00:00:00', 'Ullevålsveien 14', 'Oslo', NULL, 'Norway', '0171', 0.99),
    (77, 5, '2021-12-08 00:00:00', 'Klanova 9/506', 'Prague', NULL, 'Czech Republic', '14700', 1.98),
    (78, 7, '2021-12-08 00:00:00', 'Rotenturmstraße 4, 1010 Innere Stadt', 'Vienne', NULL, 'Austria', '1010', 1.98),
    (79, 9, '2021-12-09 00:00:00', 'Sønder Boulevard 51', 'Copenhagen', NULL, 'Denmark', '1720', 3.96),
    (80, 13, '2021-12-10 00:00:00', 'Qe 7 Bloco G', 'Brasília', 'DF', 'Brazil', '71020-677', 5.94),
    (81, 19, '2021-12-13 00:00:00', '1 Infinite Loop', 'Cupertino', 'CA', 'USA', '95014', 8.91),
    (82, 28, '2021-12-18 00:00:00', '302 S 700 E', 'Salt Lake City', 'UT', 'USA', '84102', 13.86),
    (83, 42, '2021-12-26 00:00:00', '9, Place Louis Barthou', 'Bordeaux', NULL, 'France', '33000', 0.99),
    (84, 43, '2022-01-08 00:00:00', '68, Rue Jouvence', 'Dijon', NULL, 'France', '21000', 1.98),
    (85, 45, '2022-01-08 00:00:00', 'Erzsébet krt. 58.', 'Budapest', NULL, 'Hungary', 'H-1073', 1.98),
    (86, 47, '2022-01-09 00:00:00', 'Via Degli Scipioni, 43', 'Rome', 'RM', 'Italy', '00192', 3.96),
    (87, 51, '2022-01-10 00:00:00', 'Celsiusg. 9', 'Stockholm', NULL, 'Sweden', '11230', 6.94),
    (88, 57, '2022-01-13 00:00:00', 'Calle Lira, 198', 'Santiago', NULL, 'Chile', NULL, 17.91),
    (89, 7, '2022-01-18 00:00:00', 'Rotenturmstraße 4, 1010 Innere Stadt', 'Vienne', NULL, 'Austria', '1010', 18.86),
    (90, 21, '2022-01-26 00:00:00', '801 W 4th Street', 'Reno', 'NV', 'USA', '89503', 0.99),
    (91, 22, '2022-02-08 00:00:00', '120 S Orange Ave', 'Orlando', 'FL', 'USA', '32801', 1.98),
    (92, 24, '2022-02-08 00:00:00', '162 E Superior Street', 'Chicago', 'IL', 'USA', '60611', 1.98),
    (93, 26, '2022-02-09 00:00:00', '2211 W Berry Street', 'Fort Worth', 'TX', 'USA', '76110', 3.96),
    (94, 30, '2022-02-10 00:00:00', '230 Elgin Street', 'Ottawa', 'ON', 'Canada', 'K2P 1L7', 5.94),
    (95, 36, '2022-02-13 00:00:00', 'Tauentzienstraße 8', 'Berlin', NULL, 'Germany', '10789', 8.91),
    (96, 45, '2022-02-18 00:00:00', 'Erzsébet krt. 58.', 'Budapest', NULL, 'Hungary', 'H-1073', 21.86),
    (97, 59, '2022-02-26 00:00:00', '3,Raj Bhavan Road', 'Bangalore', NULL, 'India', '560001', 1.99),
    (98, 1, '2022-03-11 00:00:00', 'Av. Brigadeiro Faria Lima, 2170', 'São José dos Campos', 'SP', 'Brazil', '12227-000', 3.98),
    (99, 3, '2022-03-11 00:00:00', '1498 rue Bélanger', 'Montréal', 'QC', 'Canada', 'H2G 1A7', 3.98),
    (100, 5, '2022-03-12 00:00:00', 'Klanova 9/506', 'Prague', NULL, 'Czech Republic', '14700', 3.96),
    (101, 9, '2022-03-13 00:00:00', 'Sønder Boulevard 51', 'Copenhagen', NULL, 'Denmark', '1720', 5.94),
    (102, 15, '2022-03-16 00:00:00', '700 W Pender Street', 'Vancouver', 'BC', 'Canada', 'V6C 1G8', 9.91),
    (103, 24, '2022-03-21 00:00:00', '162 E Superior Street', 'Chicago', 'IL', 'USA', '60611', 15.86),
    (104, 38, '2022-03-29 00:00:00', 'Barbarossastraße 19', 'Berlin', NULL, 'Germany', '10779', 0.99),
    (105, 39, '2022-04-11 00:00:00', '4, Rue Milton', 'Paris', NULL, 'France', '75009', 1.98),
    (106, 41, '2022-04-11 00:00:00', '11, Place Bellecour', 'Lyon', NULL, 'France', '69002', 1.98),
    (107, 43, '2022-04-12 00:00:00', '68, Rue Jouvence', 'Dijon', NULL, 'France', '21000', 3.96),
    (108, 47, '2022-04-13 00:00:00', 'Via Degli Scipioni, 43', 'Rome', 'RM', 'Italy', '00192', 5.94),
    (109, 53, '2022-04-16 00:00:00', '113 Lupus St', 'London', NULL, 'United Kingdom', 'SW1V 3EN', 8.91),
    (110, 3, '2022-04-21 00:00:00', '1498 rue Bélanger', 'Montréal', 'QC', 'Canada', 'H2G 1A7', 13.86),
    (111, 17, '2022-04-29 00:00:00', '1 Microsoft Way', 'Redmond', 'WA', 'USA', '98052-8300', 0.99),
    (112, 18, '2022-05-12 00:00:00', '627 Broadway', 'New York', 'NY', 'USA', '10012-2612', 1.98),
    (113, 20, '2022-05-12 00:00:00', '541 Del Medio Avenue', 'Mountain View', 'CA', 'USA', '94040-111', 1.98),
    (114, 22, '2022-05-13 00:00:00', '120 S Orange Ave', 'Orlando', 'FL', 'USA', '32801', 3.96),
    (115, 26, '2022-05-14 00:00:00', '2211 W Berry Street', 'Fort Worth', 'TX', 'USA', '76110', 5.94),
    (116, 32, '2022-05-17 00:00:00', '696 Osborne Street', 'Winnipeg', 'MB', 'Canada', 'R3L 2B9', 8.91),
    (117, 41, '2022-05-22 00:00:00', '11, Place Bellecour', 'Lyon', NULL, 'France', '69002', 13.86),
    (118, 55, '2022-05-30 00:00:00', '421 Bourke Street', 'Sidney', 'NSW', 'Australia', '2010', 0.99),
    (119, 56, '2022-06-12 00:00:00', '307 Macacha Güemes', 'Buenos Aires', NULL, 'Argentina', '1106', 1.98),
    (120, 58, '2022-06-12 00:00:00', '12,Community Centre', 'Delhi', NULL, 'India', '110017', 1.98),
    (121, 1, '2022-06-13 00:00:00', 'Av. Brigadeiro Faria Lima, 2170', 'São José dos Campos', 'SP', 'Brazil', '12227-000', 3.96),
    (122, 5, '2022-06-14 00:00:00', 'Klanova 9/506', 'Prague', NULL, 'Czech Republic', '14700', 5.94),
    (123, 11, '2022-06-17 00:00:00', 'Av. Paulista, 2022', 'São Paulo', 'SP', 'Brazil', '01310-200', 8.91),
    (124, 20, '2022-06-22 00:00:00', '541 Del Medio Avenue', 'Mountain View', 'CA', 'USA', '94040-111', 13.86),
    (125, 34, '2022-06-30 00:00:00', 'Rua da Assunção 53', 'Lisbon', NULL, 'Portugal', NULL, 0.99),
    (126, 35, '2022-07-13 00:00:00', 'Rua dos Campeões Europeus de Viena, 4350', 'Porto', NULL, 'Portugal', NULL, 1.98),
    (127, 37, '2022-07-13 00:00:00', 'Berger Straße 10', 'Frankfurt', NULL, 'Germany', '60316', 1.98),
    (128, 39, '2022-07-14 00:00:00', '4, Rue Milton', 'Paris', NULL, 'France', '75009', 3.96),
    (129, 43, '2022-07-15 00:00:00', '68, Rue Jouvence', 'Dijon', NULL, 'France', '21000', 5.94),
    (130, 49, '2022-07-18 00:00:00', 'Ordynacka 10', 'Warsaw', NULL, 'Poland', '00-358', 8.91),
    (131, 58, '2022-07-23 00:00:00', '12,Community Centre', 'Delhi', NULL, 'India', '110017', 13.86),
    (132, 13, '2022-07-31 00:00:00', 'Qe 7 Bloco G', 'Brasília', 'DF', 'Brazil', '71020-677', 0.99),
    (133, 14, '2022-08-13 00:00:00', '8210 111 ST NW', 'Edmonton', 'AB', 'Canada', 'T6G 2C7', 1.98),
    (134, 16, '2022-08-13 00:00:00', '1600 Amphitheatre Parkway', 'Mountain View', 'CA', 'USA', '94043-1351', 1.98),
    (135, 18, '2022-08-14 00:00:00', '627 Broadway', 'New York', 'NY', 'USA', '10012-2612', 3.96),
    (136, 22, '2022-08-15 00:00:00', '120 S Orange Ave', 'Orlando', 'FL', 'USA', '32801', 5.94),
    (137, 28, '2022-08-18 00:00:00', '302 S 700 E', 'Salt Lake City', 'UT', 'USA', '84102', 8.91),
    (138, 37, '2022-08-23 00:00:00', 'Berger Straße 10', 'Frankfurt', NULL, 'Germany', '60316', 13.86),
    (139, 51, '2022-08-31 00:00:00', 'Celsiusg. 9', 'Stockholm', NULL, 'Sweden', '11230', 0.99),
    (140, 52, '2022-09-13 00:00:00', '202 Hoxton Street', 'London', NULL, 'United Kingdom', 'N1 5LH', 1.98),
    (141, 54, '2022-09-13 00:00:00', '110 Raeburn Pl', 'Edinburgh ', NULL, 'United Kingdom', 'EH4 1HH', 1.98),
    (142, 56, '2022-09-14 00:00:00', '307 Macacha Güemes', 'Buenos Aires', NULL, 'Argentina', '1106', 3.96),
    (143, 1, '2022-09-15 00:00:00', 'Av. Brigadeiro Faria Lima, 2170', 'São José dos Campos', 'SP', 'Brazil', '12227-000', 5.94),
    (144, 7, '2022-09-18 00:00:00', 'Rotenturmstraße 4, 1010 Innere Stadt', 'Vienne', NULL, 'Austria', '1010', 8.91),
    (145, 16, '2022-09-23 00:00:00', '1600 Amphitheatre Parkway', 'Mountain View', 'CA', 'USA', '94043-1351', 13.86),
    (146, 30, '2022-10-01 00:00:00', '230 Elgin Street', 'Ottawa', 'ON', 'Canada', 'K2P 1L7', 0.99),
    (147, 31, '2022-10-14 00:00:00', '194A Chain Lake Drive', 'Halifax', 'NS', 'Canada', 'B3S 1C5', 1.98),
    (148, 33, '2022-10-14 00:00:00', '5112 48 Street', 'Yellowknife', 'NT', 'Canada', 'X1A 1N6', 1.98),
    (149, 35, '2022-10-15 00:00:00', 'Rua dos Campeões Europeus de Viena, 4350', 'Porto', NULL, 'Portugal', NULL, 3.96),
    (150, 39, '2022-10-16 00:00:00', '4, Rue Milton', 'Paris', NULL, 'France', '75009', 5.94),
    (151, 45, '2022-10-19 00:00:00', 'Erzsébet krt. 58.', 'Budapest', NULL, 'Hungary', 'H-1073', 8.91),
    (152, 54, '2022-10-24 00:00:00', '110 Raeburn Pl', 'Edinburgh ', NULL, 'United Kingdom', 'EH4 1HH', 13.86),
    (153, 9, '2022-11-01 00:00:00', 'Sønder Boulevard 51', 'Copenhagen', NULL, 'Denmark', '1720', 0.99),
    (154, 10, '2022-11-14 00:00:00', 'Rua Dr. Falcão Filho, 155', 'São Paulo', 'SP', 'Brazil', '01007-010', 1.98),
    (155, 12, '2022-11-14 00:00:00', 'Praça Pio X, 119', 'Rio de Janeiro', 'RJ', 'Brazil', '20040-020', 1.98),
    (156, 14, '2022-11-15 00:00:00', '8210 111 ST NW', 'Edmonton', 'AB', 'Canada', 'T6G 2C7', 3.96),
    (157, 18, '2022-11-16 00:00:00', '627 Broadway', 'New York', 'NY', 'USA', '10012-2612', 5.94),
    (158, 24, '2022-11-19 00:00:00', '162 E Superior Street', 'Chicago', 'IL', 'USA', '60611', 8.91),
    (159, 33, '2022-11-24 00:00:00', '5112 48 Street', 'Yellowknife', 'NT', 'Canada', 'X1A 1N6', 13.86),
    (160, 47, '2022-12-02 00:00:00', 'Via Degli Scipioni, 43', 'Rome', 'RM', 'Italy', '00192', 0.99),
    (161, 48, '2022-12-15 00:00:00', 'Lijnbaansgracht 120bg', 'Amsterdam', 'VV', 'Netherlands', '1016', 1.98),
    (162, 50, '2022-12-15 00:00:00', 'C/ San Bernardo 85', 'Madrid', NULL, 'Spain', '28015', 1.98),
    (163, 52, '2022-12-16 00:00:00', '202 Hoxton Street', 'London', NULL, 'United Kingdom', 'N1 5LH', 3.96),
    (164, 56, '2022-12-17 00:00:00', '307 Macacha Güemes', 'Buenos Aires', NULL, 'Argentina', '1106', 5.94),
    (165, 3, '2022-12-20 00:00:00', '1498 rue Bélanger', 'Montréal', 'QC', 'Canada', 'H2G 1A7', 8.91),
    (166, 12, '2022-12-25 00:00:00', 'Praça Pio X, 119', 'Rio de Janeiro', 'RJ', 'Brazil', '20040-020', 13.86),
    (167, 26, '2023-01-02 00:00:00', '2211 W Berry Street', 'Fort Worth', 'TX', 'USA', '76110', 0.99),
    (168, 27, '2023-01-15 00:00:00', '1033 N Park Ave', 'Tucson', 'AZ', 'USA', '85719', 1.98),
    (169, 29, '2023-01-15 00:00:00', '796 Dundas Street West', 'Toronto', 'ON', 'Canada', 'M6J 1V1', 1.98),
    (170, 31, '2023-01-16 00:00:00', '194A Chain Lake Drive', 'Halifax', 'NS', 'Canada', 'B3S 1C5', 3.96),
    (171, 35, '2023-01-17 00:00:00', 'Rua dos Campeões Europeus de Viena, 4350', 'Porto', NULL, 'Portugal', NULL, 5.94),
    (172, 41, '2023-01-20 00:00:00', '11, Place Bellecour', 'Lyon', NULL, 'France', '69002', 8.91),
    (173, 50, '2023-01-25 00:00:00', 'C/ San Bernardo 85', 'Madrid', NULL, 'Spain', '28015', 13.86),
    (174, 5, '2023-02-02 00:00:00', 'Klanova 9/506', 'Prague', NULL, 'Czech Republic', '14700', 0.99),
    (175, 6, '2023-02-15 00:00:00', 'Rilská 3174/6', 'Prague', NULL, 'Czech Republic', '14300', 1.98),
    (176, 8, '2023-02-15 00:00:00', 'Grétrystraat 63', 'Brussels', NULL, 'Belgium', '1000', 1.98),
    (177, 10, '2023-02-16 00:00:00', 'Rua Dr. Falcão Filho, 155', 'São Paulo', 'SP', 'Brazil', '01007-010', 3.96),
    (178, 14, '2023-02-17 00:00:00', '8210 111 ST NW', 'Edmonton', 'AB', 'Canada', 'T6G 2C7', 5.94),
    (179, 20, '2023-02-20 00:00:00', '541 Del Medio Avenue', 'Mountain View', 'CA', 'USA', '94040-111', 8.91),
    (180, 29, '2023-02-25 00:00:00', '796 Dundas Street West', 'Toronto', 'ON', 'Canada', 'M6J 1V1', 13.86),
    (181, 43, '2023-03-05 00:00:00', '68, Rue Jouvence', 'Dijon', NULL, 'France', '21000', 0.99),
    (182, 44, '2023-03-18 00:00:00', 'Porthaninkatu 9', 'Helsinki', NULL, 'Finland', '00530', 1.98),
    (183, 46, '2023-03-18 00:00:00', '3 Chatham Street', 'Dublin', 'Dublin', 'Ireland', NULL, 1.98),
    (184, 48, '2023-03-19 00:00:00', 'Lijnbaansgracht 120bg', 'Amsterdam', 'VV', 'Netherlands', '1016', 3.96),
    (185, 52, '2023-03-20 00:00:00', '202 Hoxton Street', 'London', NULL, 'United Kingdom', 'N1 5LH', 5.94),
    (186, 58, '2023-03-23 00:00:00', '12,Community Centre', 'Delhi', NULL, 'India', '110017', 8.91),
    (187, 8, '2023-03-28 00:00:00', 'Grétrystraat 63', 'Brussels', NULL, 'Belgium', '1000', 13.86),
    (188, 22, '2023-04-05 00:00:00', '120 S Orange Ave', 'Orlando', 'FL', 'USA', '32801', 0.99),
    (189, 23, '2023-04-18 00:00:00', '69 Salem Street', 'Boston', 'MA', 'USA', '2113', 1.98),
    (190, 25, '2023-04-18 00:00:00', '319 N. Frances Street', 'Madison', 'WI', 'USA', '53703', 1.98),
    (191, 27, '2023-04-19 00:00:00', '1033 N Park Ave', 'Tucson', 'AZ', 'USA', '85719', 3.96),
    (192, 31, '2023-04-20 00:00:00', '194A Chain Lake Drive', 'Halifax', 'NS', 'Canada', 'B3S 1C5', 5.94),
    (193, 37, '2023-04-23 00:00:00', 'Berger Straße 10', 'Frankfurt', NULL, 'Germany', '60316', 14.91),
    (194, 46, '2023-04-28 00:00:00', '3 Chatham Street', 'Dublin', 'Dublin', 'Ireland', NULL, 21.86),
    (195, 1, '2023-05-06 00:00:00', 'Av. Brigadeiro Faria Lima, 2170', 'São José dos Campos', 'SP', 'Brazil', '12227-000', 0.99),
    (196, 2, '2023-05-19 00:00:00', 'Theodor-Heuss-Straße 34', 'Stuttgart', NULL, 'Germany', '70174', 1.98),
    (197, 4, '2023-05-19 00:00:00', 'Ullevålsveien 14', 'Oslo', NULL, 'Norway', '0171', 1.98),
    (198, 6, '2023-05-20 00:00:00', 'Rilská 3174/6', 'Prague', NULL, 'Czech Republic', '14300', 3.96),
    (199, 10, '2023-05-21 00:00:00', 'Rua Dr. Falcão Filho, 155', 'São Paulo', 'SP', 'Brazil', '01007-010', 5.94),
    (200, 16, '2023-05-24 00:00:00', '1600 Amphitheatre Parkway', 'Mountain View', 'CA', 'USA', '94043-1351', 8.91),
    (201, 25, '2023-05-29 00:00:00', '319 N. Frances Street', 'Madison', 'WI', 'USA', '53703', 18.86),
    (202, 39, '2023-06-06 00:00:00', '4, Rue Milton', 'Paris', NULL, 'France', '75009', 1.99),
    (203, 40, '2023-06-19 00:00:00', '8, Rue Hanovre', 'Paris', NULL, 'France', '75002', 2.98),
    (204, 42, '2023-06-19 00:00:00', '9, Place Louis Barthou', 'Bordeaux', NULL, 'France', '33000', 3.98),
    (205, 44, '2023-06-20 00:00:00', 'Porthaninkatu 9', 'Helsinki', NULL, 'Finland', '00530', 7.96),
    (206, 48, '2023-06-21 00:00:00', 'Lijnbaansgracht 120bg', 'Amsterdam', 'VV', 'Netherlands', '1016', 8.94),
    (207, 54, '2023-06-24 00:00:00', '110 Raeburn Pl', 'Edinburgh ', NULL, 'United Kingdom', 'EH4 1HH', 8.91),
    (208, 4, '2023-06-29 00:00:00', 'Ullevålsveien 14', 'Oslo', NULL, 'Norway', '0171', 15.86),
    (209, 18, '2023-07-07 00:00:00', '627 Broadway', 'New York', 'NY', 'USA', '10012-2612', 0.99),
    (210, 19, '2023-07-20 00:00:00', '1 Infinite Loop', 'Cupertino', 'CA', 'USA', '95014', 1.98),
    (211, 21, '2023-07-20 00:00:00', '801 W 4th Street', 'Reno', 'NV', 'USA', '89503', 1.98),
    (212, 23, '2023-07-21 00:00:00', '69 Salem Street', 'Boston', 'MA', 'USA', '2113', 3.96),
    (213, 27, '2023-07-22 00:00:00', '1033 N Park Ave', 'Tucson', 'AZ', 'USA', '85719', 5.94),
    (214, 33, '2023-07-25 00:00:00', '5112 48 Street', 'Yellowknife', 'NT', 'Canada', 'X1A 1N6', 8.91),
    (215, 42, '2023-07-30 00:00:00', '9, Place Louis Barthou', 'Bordeaux', NULL, 'France', '33000', 13.86),
    (216, 56, '2023-08-07 00:00:00', '307 Macacha Güemes', 'Buenos Aires', NULL, 'Argentina', '1106', 0.99),
    (217, 57, '2023-08-20 00:00:00', 'Calle Lira, 198', 'Santiago', NULL, 'Chile', NULL, 1.98),
    (218, 59, '2023-08-20 00:00:00', '3,Raj Bhavan Road', 'Bangalore', NULL, 'India', '560001', 1.98),
    (219, 2, '2023-08-21 00:00:00', 'Theodor-Heuss-Straße 34', 'Stuttgart', NULL, 'Germany', '70174', 3.96),
    (220, 6, '2023-08-22 00:00:00', 'Rilská 3174/6', 'Prague', NULL, 'Czech Republic', '14300', 5.94),
    (221, 12, '2023-08-25 00:00:00', 'Praça Pio X, 119', 'Rio de Janeiro', 'RJ', 'Brazil', '20040-020', 8.91),
    (222, 21, '2023-08-30 00:00:00', '801 W 4th Street', 'Reno', 'NV', 'USA', '89503', 13.86),
    (223, 35, '2023-09-07 00:00:00', 'Rua dos Campeões Europeus de Viena, 4350', 'Porto', NULL, 'Portugal', NULL, 0.99),
    (224, 36, '2023-09-20 00:00:00', 'Tauentzienstraße 8', 'Berlin', NULL, 'Germany', '10789', 1.98),
    (225, 38, '2023-09-20 00:00:00', 'Barbarossastraße 19', 'Berlin', NULL, 'Germany', '10779', 1.98),
    (226, 40, '2023-09-21 00:00:00', '8, Rue Hanovre', 'Paris', NULL, 'France', '75002', 3.96),
    (227, 44, '2023-09-22 00:00:00', 'Porthaninkatu 9', 'Helsinki', NULL, 'Finland', '00530', 5.94),
    (228, 50, '2023-09-25 00:00:00', 'C/ San Bernardo 85', 'Madrid', NULL, 'Spain', '28015', 8.91),
    (229, 59, '2023-09-30 00:00:00', '3,Raj Bhavan Road', 'Bangalore', NULL, 'India', '560001', 13.86),
    (230, 14, '2023-10-08 00:00:00', '8210 111 ST NW', 'Edmonton', 'AB', 'Canada', 'T6G 2C7', 0.99),
    (231, 15, '2023-10-21 00:00:00', '700 W Pender Street', 'Vancouver', 'BC', 'Canada', 'V6C 1G8', 1.98),
    (232, 17, '2023-10-21 00:00:00', '1 Microsoft Way', 'Redmond', 'WA', 'USA', '98052-8300', 1.98),
    (233, 19, '2023-10-22 00:00:00', '1 Infinite Loop', 'Cupertino', 'CA', 'USA', '95014', 3.96),
    (234, 23, '2023-10-23 00:00:00', '69 Salem Street', 'Boston', 'MA', 'USA', '2113', 5.94),
    (235, 29, '2023-10-26 00:00:00', '796 Dundas Street West', 'Toronto', 'ON', 'Canada', 'M6J 1V1', 8.91),
    (236, 38, '2023-10-31 00:00:00', 'Barbarossastraße 19', 'Berlin', NULL, 'Germany', '10779', 13.86),
    (237, 52, '2023-11-08 00:00:00', '202 Hoxton Street', 'London', NULL, 'United Kingdom', 'N1 5LH', 0.99),
    (238, 53, '2023-11-21 00:00:00', '113 Lupus St', 'London', NULL, 'United Kingdom', 'SW1V 3EN', 1.98),
    (239, 55, '2023-11-21 00:00:00', '421 Bourke Street', 'Sidney', 'NSW', 'Australia', '2010', 1.98),
    (240, 57, '2023-11-22 00:00:00', 'Calle Lira, 198', 'Santiago', NULL, 'Chile', NULL, 3.96),
    (241, 2, '2023-11-23 00:00:00', 'Theodor-Heuss-Straße 34', 'Stuttgart', NULL, 'Germany', '70174', 5.94),
    (242, 8, '2023-11-26 00:00:00', 'Grétrystraat 63', 'Brussels', NULL, 'Belgium', '1000', 8.91),
    (243, 17, '2023-12-01 00:00:00', '1 Microsoft Way', 'Redmond', 'WA', 'USA', '98052-8300', 13.86),
    (244, 31, '2023-12-09 00:00:00', '194A Chain Lake Drive', 'Halifax', 'NS', 'Canada', 'B3S 1C5', 0.99),
    (245, 32, '2023-12-22 00:00:00', '696 Osborne Street', 'Winnipeg', 'MB', 'Canada', 'R3L 2B9', 1.98),
    (246, 34, '2023-12-22 00:00:00', 'Rua da Assunção 53', 'Lisbon', NULL, 'Portugal', NULL, 1.98),
    (247, 36, '2023-12-23 00:00:00', 'Tauentzienstraße 8', 'Berlin', NULL, 'Germany', '10789', 3.96),
    (248, 40, '2023-12-24 00:00:00', '8, Rue Hanovre', 'Paris', NULL, 'France', '75002', 5.94),
    (249, 46, '2023-12-27 00:00:00', '3 Chatham Street', 'Dublin', 'Dublin', 'Ireland', NULL, 8.91),
    (250, 55, '2024-01-01 00:00:00', '421 Bourke Street', 'Sidney', 'NSW', 'Australia', '2010', 13.86),
    (251, 10, '2024-01-09 00:00:00', 'Rua Dr. Falcão Filho, 155', 'São Paulo', 'SP', 'Brazil', '01007-010', 0.99),
    (252, 11, '2024-01-22 00:00:00', 'Av. Paulista, 2022', 'São Paulo', 'SP', 'Brazil', '01310-200', 1.98),
    (253, 13, '2024-01-22 00:00:00', 'Qe 7 Bloco G', 'Brasília', 'DF', 'Brazil', '71020-677', 1.98),
    (254, 15, '2024-01-23 00:00:00', '700 W Pender Street', 'Vancouver', 'BC', 'Canada', 'V6C 1G8', 3.96),
    (255, 19, '2024-01-24 00:00:00', '1 Infinite Loop', 'Cupertino', 'CA', 'USA', '95014', 5.94),
    (256, 25, '2024-01-27 00:00:00', '319 N. Frances Street', 'Madison', 'WI', 'USA', '53703', 8.91),
    (257, 34, '2024-02-01 00:00:00', 'Rua da Assunção 53', 'Lisbon', NULL, 'Portugal', NULL, 13.86),
    (258, 48, '2024-02-09 00:00:00', 'Lijnbaansgracht 120bg', 'Amsterdam', 'VV', 'Netherlands', '1016', 0.99),
    (259, 49, '2024-02-22 00:00:00', 'Ordynacka 10', 'Warsaw', NULL, 'Poland', '00-358', 1.98),
    (260, 51, '2024-02-22 00:00:00', 'Celsiusg. 9', 'Stockholm', NULL, 'Sweden', '11230', 1.98),
    (261, 53, '2024-02-23 00:00:00', '113 Lupus St', 'London', NULL, 'United Kingdom', 'SW1V 3EN', 3.96),
    (262, 57, '2024-02-24 00:00:00', 'Calle Lira, 198', 'Santiago', NULL, 'Chile', NULL, 5.94),
    (263, 4, '2024-02-27 00:00:00', 'Ullevålsveien 14', 'Oslo', NULL, 'Norway', '0171', 8.91),
    (264, 13, '2024-03-03 00:00:00', 'Qe 7 Bloco G', 'Brasília', 'DF', 'Brazil', '71020-677', 13.86),
    (265, 27, '2024-03-11 00:00:00', '1033 N Park Ave', 'Tucson', 'AZ', 'USA', '85719', 0.99),
    (266, 28, '2024-03-24 00:00:00', '302 S 700 E', 'Salt Lake City', 'UT', 'USA', '84102', 1.98),
    (267, 30, '2024-03-24 00:00:00', '230 Elgin Street', 'Ottawa', 'ON', 'Canada', 'K2P 1L7', 1.98),
    (268, 32, '2024-03-25 00:00:00', '696 Osborne Street', 'Winnipeg', 'MB', 'Canada', 'R3L 2B9', 3.96),
    (269, 36, '2024-03-26 00:00:00', 'Tauentzienstraße 8', 'Berlin', NULL, 'Germany', '10789', 5.94),
    (270, 42, '2024-03-29 00:00:00', '9, Place Louis Barthou', 'Bordeaux', NULL, 'France', '33000', 8.91),
    (271, 51, '2024-04-03 00:00:00', 'Celsiusg. 9', 'Stockholm', NULL, 'Sweden', '11230', 13.86),
    (272, 6, '2024-04-11 00:00:00', 'Rilská 3174/6', 'Prague', NULL, 'Czech Republic', '14300', 0.99),
    (273, 7, '2024-04-24 00:00:00', 'Rotenturmstraße 4, 1010 Innere Stadt', 'Vienne', NULL, 'Austria', '1010', 1.98),
    (274, 9, '2024-04-24 00:00:00', 'Sønder Boulevard 51', 'Copenhagen', NULL, 'Denmark', '1720', 1.98),
    (275, 11, '2024-04-25 00:00:00', 'Av. Paulista, 2022', 'São Paulo', 'SP', 'Brazil', '01310-200', 3.96),
    (276, 15, '2024-04-26 00:00:00', '700 W Pender Street', 'Vancouver', 'BC', 'Canada', 'V6C 1G8', 5.94),
    (277, 21, '2024-04-29 00:00:00', '801 W 4th Street', 'Reno', 'NV', 'USA', '89503', 8.91),
    (278, 30, '2024-05-04 00:00:00', '230 Elgin Street', 'Ottawa', 'ON', 'Canada', 'K2P 1L7', 13.86),
    (279, 44, '2024-05-12 00:00:00', 'Porthaninkatu 9', 'Helsinki', NULL, 'Finland', '00530', 0.99),
    (280, 45, '2024-05-25 00:00:00', 'Erzsébet krt. 58.', 'Budapest', NULL, 'Hungary', 'H-1073', 1.98),
    (281, 47, '2024-05-25 00:00:00', 'Via Degli Scipioni, 43', 'Rome', 'RM', 'Italy', '00192', 1.98),
    (282, 49, '2024-05-26 00:00:00', 'Ordynacka 10', 'Warsaw', NULL, 'Poland', '00-358', 3.96),
    (283, 53, '2024-05-27 00:00:00', '113 Lupus St', 'London', NULL, 'United Kingdom', 'SW1V 3EN', 5.94),
    (284, 59, '2024-05-30 00:00:00', '3,Raj Bhavan Road', 'Bangalore', NULL, 'India', '560001', 8.91),
    (285, 9, '2024-06-04 00:00:00', 'Sønder Boulevard 51', 'Copenhagen', NULL, 'Denmark', '1720', 13.86),
    (286, 23, '2024-06-12 00:00:00', '69 Salem Street', 'Boston', 'MA', 'USA', '2113', 0.99),
    (287, 24, '2024-06-25 00:00:00', '162 E Superior Street', 'Chicago', 'IL', 'USA', '60611', 1.98),
    (288, 26, '2024-06-25 00:00:00', '2211 W Berry Street', 'Fort Worth', 'TX', 'USA', '76110', 1.98),
    (289, 28, '2024-06-26 00:00:00', '302 S 700 E', 'Salt Lake City', 'UT', 'USA', '84102', 3.96),
    (290, 32, '2024-06-27 00:00:00', '696 Osborne Street', 'Winnipeg', 'MB', 'Canada', 'R3L 2B9', 5.94),
    (291, 38, '2024-06-30 00:00:00', 'Barbarossastraße 19', 'Berlin', NULL, 'Germany', '10779', 8.91),
    (292, 47, '2024-07-05 00:00:00', 'Via Degli Scipioni, 43', 'Rome', 'RM', 'Italy', '00192', 13.86),
    (293, 2, '2024-07-13 00:00:00', 'Theodor-Heuss-Straße 34', 'Stuttgart', NULL, 'Germany', '70174', 0.99),
    (294, 3, '2024-07-26 00:00:00', '1498 rue Bélanger', 'Montréal', 'QC', 'Canada', 'H2G 1A7', 1.98),
    (295, 5, '2024-07-26 00:00:00', 'Klanova 9/506', 'Prague', NULL, 'Czech Republic', '14700', 1.98),
    (296, 7, '2024-07-27 00:00:00', 'Rotenturmstraße 4, 1010 Innere Stadt', 'Vienne', NULL, 'Austria', '1010', 3.96),
    (297, 11, '2024-07-28 00:00:00', 'Av. Paulista, 2022', 'São Paulo', 'SP', 'Brazil', '01310-200', 5.94),
    (298, 17, '2024-07-31 00:00:00', '1 Microsoft Way', 'Redmond', 'WA', 'USA', '98052-8300', 10.91),
    (299, 26, '2024-08-05 00:00:00', '2211 W Berry Street', 'Fort Worth', 'TX', 'USA', '76110', 23.86),
    (300, 40, '2024-08-13 00:00:00', '8, Rue Hanovre', 'Paris', NULL, 'France', '75002', 0.99),
    (301, 41, '2024-08-26 00:00:00', '11, Place Bellecour', 'Lyon', NULL, 'France', '69002', 1.98),
    (302, 43, '2024-08-26 00:00:00', '68, Rue Jouvence', 'Dijon', NULL, 'France', '21000', 1.98),
    (303, 45, '2024-08-27 00:00:00', 'Erzsébet krt. 58.', 'Budapest', NULL, 'Hungary', 'H-1073', 3.96),
    (304, 49, '2024-08-28 00:00:00', 'Ordynacka 10', 'Warsaw', NULL, 'Poland', '00-358', 5.94),
    (305, 55, '2024-08-31 00:00:00', '421 Bourke Street', 'Sidney', 'NSW', 'Australia', '2010', 8.91),
    (306, 5, '2024-09-05 00:00:00', 'Klanova 9/506', 'Prague', NULL, 'Czech Republic', '14700', 16.86),
    (307, 19, '2024-09-13 00:00:00', '1 Infinite Loop', 'Cupertino', 'CA', 'USA', '95014', 1.99),
    (308, 20, '2024-09-26 00:00:00', '541 Del Medio Avenue', 'Mountain View', 'CA', 'USA', '94040-111', 3.98),
    (309, 22, '2024-09-26 00:00:00', '120 S Orange Ave', 'Orlando', 'FL', 'USA', '32801', 3.98),
    (310, 24, '2024-09-27 00:00:00', '162 E Superior Street', 'Chicago', 'IL', 'USA', '60611', 7.96),
    (311, 28, '2024-09-28 00:00:00', '302 S 700 E', 'Salt Lake City', 'UT', 'USA', '84102', 11.94),
    (312, 34, '2024-10-01 00:00:00', 'Rua da Assunção 53', 'Lisbon', NULL, 'Portugal', NULL, 10.91),
    (313, 43, '2024-10-06 00:00:00', '68, Rue Jouvence', 'Dijon', NULL, 'France', '21000', 16.86),
    (314, 57, '2024-10-14 00:00:00', 'Calle Lira, 198', 'Santiago', NULL, 'Chile', NULL, 0.99),
    (315, 58, '2024-10-27 00:00:00', '12,Community Centre', 'Delhi', NULL, 'India', '110017', 1.98),
    (316, 1, '2024-10-27 00:00:00', 'Av. Brigadeiro Faria Lima, 2170', 'São José dos Campos', 'SP', 'Brazil', '12227-000', 1.98),
    (317, 3, '2024-10-28 00:00:00', '1498 rue Bélanger', 'Montréal', 'QC', 'Canada', 'H2G 1A7', 3.96),
    (318, 7, '2024-10-29 00:00:00', 'Rotenturmstraße 4, 1010 Innere Stadt', 'Vienne', NULL, 'Austria', '1010', 5.94),
    (319, 13, '2024-11-01 00:00:00', 'Qe 7 Bloco G', 'Brasília', 'DF', 'Brazil', '71020-677', 8.91),
    (320, 22, '2024-11-06 00:00:00', '120 S Orange Ave', 'Orlando', 'FL', 'USA', '32801', 13.86),
    (321, 36, '2024-11-14 00:00:00', 'Tauentzienstraße 8', 'Berlin', NULL, 'Germany', '10789', 0.99),
    (322, 37, '2024-11-27 00:00:00', 'Berger Straße 10', 'Frankfurt', NULL, 'Germany', '60316', 1.98),
    (323, 39, '2024-11-27 00:00:00', '4, Rue Milton', 'Paris', NULL, 'France', '75009', 1.98),
    (324, 41, '2024-11-28 00:00:00', '11, Place Bellecour', 'Lyon', NULL, 'France', '69002', 3.96),
    (325, 45, '2024-11-29 00:00:00', 'Erzsébet krt. 58.', 'Budapest', NULL, 'Hungary', 'H-1073', 5.94),
    (326, 51, '2024-12-02 00:00:00', 'Celsiusg. 9', 'Stockholm', NULL, 'Sweden', '11230', 8.91),
    (327, 1, '2024-12-07 00:00:00', 'Av. Brigadeiro Faria Lima, 2170', 'São José dos Campos', 'SP', 'Brazil', '12227-000', 13.86),
    (328, 15, '2024-12-15 00:00:00', '700 W Pender Street', 'Vancouver', 'BC', 'Canada', 'V6C 1G8', 0.99),
    (329, 16, '2024-12-28 00:00:00', '1600 Amphitheatre Parkway', 'Mountain View', 'CA', 'USA', '94043-1351', 1.98),
    (330, 18, '2024-12-28 00:00:00', '627 Broadway', 'New York', 'NY', 'USA', '10012-2612', 1.98),
    (331, 20, '2024-12-29 00:00:00', '541 Del Medio Avenue', 'Mountain View', 'CA', 'USA', '94040-111', 3.96),
    (332, 24, '2024-12-30 00:00:00', '162 E Superior Street', 'Chicago', 'IL', 'USA', '60611', 5.94),
    (333, 30, '2025-01-02 00:00:00', '230 Elgin Street', 'Ottawa', 'ON', 'Canada', 'K2P 1L7', 8.91),
    (334, 39, '2025-01-07 00:00:00', '4, Rue Milton', 'Paris', NULL, 'France', '75009', 13.86),
    (335, 53, '2025-01-15 00:00:00', '113 Lupus St', 'London', NULL, 'United Kingdom', 'SW1V 3EN', 0.99),
    (336, 54, '2025-01-28 00:00:00', '110 Raeburn Pl', 'Edinburgh ', NULL, 'United Kingdom', 'EH4 1HH', 1.98),
    (337, 56, '2025-01-28 00:00:00', '307 Macacha Güemes', 'Buenos Aires', NULL, 'Argentina', '1106', 1.98),
    (338, 58, '2025-01-29 00:00:00', '12,Community Centre', 'Delhi', NULL, 'India', '110017', 3.96),
    (339, 3, '2025-01-30 00:00:00', '1498 rue Bélanger', 'Montréal', 'QC', 'Canada', 'H2G 1A7', 5.94),
    (340, 9, '2025-02-02 00:00:00', 'Sønder Boulevard 51', 'Copenhagen', NULL, 'Denmark', '1720', 8.91),
    (341, 18, '2025-02-07 00:00:00', '627 Broadway', 'New York', 'NY', 'USA', '10012-2612', 13.86),
    (342, 32, '2025-02-15 00:00:00', '696 Osborne Street', 'Winnipeg', 'MB', 'Canada', 'R3L 2B9', 0.99),
    (343, 33, '2025-02-28 00:00:00', '5112 48 Street', 'Yellowknife', 'NT', 'Canada', 'X1A 1N6', 1.98),
    (344, 35, '2025-02-28 00:00:00', 'Rua dos Campeões Europeus de Viena, 4350', 'Porto', NULL, 'Portugal', NULL, 1.98),
    (345, 37, '2025-03-01 00:00:00', 'Berger Straße 10', 'Frankfurt', NULL, 'Germany', '60316', 3.96),
    (346, 41, '2025-03-02 00:00:00', '11, Place Bellecour', 'Lyon', NULL, 'France', '69002', 5.94),
    (347, 47, '2025-03-05 00:00:00', 'Via Degli Scipioni, 43', 'Rome', 'RM', 'Italy', '00192', 8.91),
    (348, 56, '2025-03-10 00:00:00', '307 Macacha Güemes', 'Buenos Aires', NULL, 'Argentina', '1106', 13.86),
    (349, 11, '2025-03-18 00:00:00', 'Av. Paulista, 2022', 'São Paulo', 'SP', 'Brazil', '01310-200', 0.99),
    (350, 12, '2025-03-31 00:00:00', 'Praça Pio X, 119', 'Rio de Janeiro', 'RJ', 'Brazil', '20040-020', 1.98),
    (351, 14, '2025-03-31 00:00:00', '8210 111 ST NW', 'Edmonton', 'AB', 'Canada', 'T6G 2C7', 1.98),
    (352, 16, '2025-04-01 00:00:00', '1600 Amphitheatre Parkway', 'Mountain View', 'CA', 'USA', '94043-1351', 3.96),
    (353, 20, '2025-04-02 00:00:00', '541 Del Medio Avenue', 'Mountain View', 'CA', 'USA', '94040-111', 5.94),
    (354, 26, '2025-04-05 00:00:00', '2211 W Berry Street', 'Fort Worth', 'TX', 'USA', '76110', 8.91),
    (355, 35, '2025-04-10 00:00:00', 'Rua dos Campeões Europeus de Viena, 4350', 'Porto', NULL, 'Portugal', NULL, 13.86),
    (356, 49, '2025-04-18 00:00:00', 'Ordynacka 10', 'Warsaw', NULL, 'Poland', '00-358', 0.99),
    (357, 50, '2025-05-01 00:00:00', 'C/ San Bernardo 85', 'Madrid', NULL, 'Spain', '28015', 1.98),
    (358, 52, '2025-05-01 00:00:00', '202 Hoxton Street', 'London', NULL, 'United Kingdom', 'N1 5LH', 1.98),
    (359, 54, '2025-05-02 00:00:00', '110 Raeburn Pl', 'Edinburgh ', NULL, 'United Kingdom', 'EH4 1HH', 3.96),
    (360, 58, '2025-05-03 00:00:00', '12,Community Centre', 'Delhi', NULL, 'India', '110017', 5.94),
    (361, 5, '2025-05-06 00:00:00', 'Klanova 9/506', 'Prague', NULL, 'Czech Republic', '14700', 8.91),
    (362, 14, '2025-05-11 00:00:00', '8210 111 ST NW', 'Edmonton', 'AB', 'Canada', 'T6G 2C7', 13.86),
    (363, 28, '2025-05-19 00:00:00', '302 S 700 E', 'Salt Lake City', 'UT', 'USA', '84102', 0.99),
    (364, 29, '2025-06-01 00:00:00', '796 Dundas Street West', 'Toronto', 'ON', 'Canada', 'M6J 1V1', 1.98),
    (365, 31, '2025-06-01 00:00:00', '194A Chain Lake Drive', 'Halifax', 'NS', 'Canada', 'B3S 1C5', 1.98),
    (366, 33, '2025-06-02 00:00:00', '5112 48 Street', 'Yellowknife', 'NT', 'Canada', 'X1A 1N6', 3.96),
    (367, 37, '2025-06-03 00:00:00', 'Berger Straße 10', 'Frankfurt', NULL, 'Germany', '60316', 5.94),
    (368, 43, '2025-06-06 00:00:00', '68, Rue Jouvence', 'Dijon', NULL, 'France', '21000', 8.91),
    (369, 52, '2025-06-11 00:00:00', '202 Hoxton Street', 'London', NULL, 'United Kingdom', 'N1 5LH', 13.86),
    (370, 7, '2025-06-19 00:00:00', 'Rotenturmstraße 4, 1010 Innere Stadt', 'Vienne', NULL, 'Austria', '1010', 0.99),
    (371, 8, '2025-07-02 00:00:00', 'Grétrystraat 63', 'Brussels', NULL, 'Belgium', '1000', 1.98),
    (372, 10, '2025-07-02 00:00:00', 'Rua Dr. Falcão Filho, 155', 'São Paulo', 'SP', 'Brazil', '01007-010', 1.98),
    (373, 12, '2025-07-03 00:00:00', 'Praça Pio X, 119', 'Rio de Janeiro', 'RJ', 'Brazil', '20040-020', 3.96),
    (374, 16, '2025-07-04 00:00:00', '1600 Amphitheatre Parkway', 'Mountain View', 'CA', 'USA', '94043-1351', 5.94),
    (375, 22, '2025-07-07 00:00:00', '120 S Orange Ave', 'Orlando', 'FL', 'USA', '32801', 8.91),
    (376, 31, '2025-07-12 00:00:00', '194A Chain Lake Drive', 'Halifax', 'NS', 'Canada', 'B3S 1C5', 13.86),
    (377, 45, '2025-07-20 00:00:00', 'Erzsébet krt. 58.', 'Budapest', NULL, 'Hungary', 'H-1073', 0.99),
    (378, 46, '2025-08-02 00:00:00', '3 Chatham Street', 'Dublin', 'Dublin', 'Ireland', NULL, 1.98),
    (379, 48, '2025-08-02 00:00:00', 'Lijnbaansgracht 120bg', 'Amsterdam', 'VV', 'Netherlands', '1016', 1.98),
    (380, 50, '2025-08-03 00:00:00', 'C/ San Bernardo 85', 'Madrid', NULL, 'Spain', '28015', 3.96),
    (381, 54, '2025-08-04 00:00:00', '110 Raeburn Pl', 'Edinburgh ', NULL, 'United Kingdom', 'EH4 1HH', 5.94),
    (382, 1, '2025-08-07 00:00:00', 'Av. Brigadeiro Faria Lima, 2170', 'São José dos Campos', 'SP', 'Brazil', '12227-000', 8.91),
    (383, 10, '2025-08-12 00:00:00', 'Rua Dr. Falcão Filho, 155', 'São Paulo', 'SP', 'Brazil', '01007-010', 13.86),
    (384, 24, '2025-08-20 00:00:00', '162 E Superior Street', 'Chicago', 'IL', 'USA', '60611', 0.99),
    (385, 25, '2025-09-02 00:00:00', '319 N. Frances Street', 'Madison', 'WI', 'USA', '53703', 1.98),
    (386, 27, '2025-09-02 00:00:00', '1033 N Park Ave', 'Tucson', 'AZ', 'USA', '85719', 1.98),
    (387, 29, '2025-09-03 00:00:00', '796 Dundas Street West', 'Toronto', 'ON', 'Canada', 'M6J 1V1', 3.96),
    (388, 33, '2025-09-04 00:00:00', '5112 48 Street', 'Yellowknife', 'NT', 'Canada', 'X1A 1N6', 5.94),
    (389, 39, '2025-09-07 00:00:00', '4, Rue Milton', 'Paris', NULL, 'France', '75009', 8.91),
    (390, 48, '2025-09-12 00:00:00', 'Lijnbaansgracht 120bg', 'Amsterdam', 'VV', 'Netherlands', '1016', 13.86),
    (391, 3, '2025-09-20 00:00:00', '1498 rue Bélanger', 'Montréal', 'QC', 'Canada', 'H2G 1A7', 0.99),
    (392, 4, '2025-10-03 00:00:00', 'Ullevålsveien 14', 'Oslo', NULL, 'Norway', '0171', 1.98),
    (393, 6, '2025-10-03 00:00:00', 'Rilská 3174/6', 'Prague', NULL, 'Czech Republic', '14300', 1.98),
    (394, 8, '2025-10-04 00:00:00', 'Grétrystraat 63', 'Brussels', NULL, 'Belgium', '1000', 3.96),
    (395, 12, '2025-10-05 00:00:00', 'Praça Pio X, 119', 'Rio de Janeiro', 'RJ', 'Brazil', '20040-020', 5.94),
    (396, 18, '2025-10-08 00:00:00', '627 Broadway', 'New York', 'NY', 'USA', '10012-2612', 8.91),
    (397, 27, '2025-10-13 00:00:00', '1033 N Park Ave', 'Tucson', 'AZ', 'USA', '85719', 13.86),
    (398, 41, '2025-10-21 00:00:00', '11, Place Bellecour', 'Lyon', NULL, 'France', '69002', 0.99),
    (399, 42, '2025-11-03 00:00:00', '9, Place Louis Barthou', 'Bordeaux', NULL, 'France', '33000', 1.98),
    (400, 44, '2025-11-03 00:00:00', 'Porthaninkatu 9', 'Helsinki', NULL, 'Finland', '00530', 1.98),
    (401, 46, '2025-11-04 00:00:00', '3 Chatham Street', 'Dublin', 'Dublin', 'Ireland', NULL, 3.96),
    (402, 50, '2025-11-05 00:00:00', 'C/ San Bernardo 85', 'Madrid', NULL, 'Spain', '28015', 5.94),
    (403, 56, '2025-11-08 00:00:00', '307 Macacha Güemes', 'Buenos Aires', NULL, 'Argentina', '1106', 8.91),
    (404, 6, '2025-11-13 00:00:00', 'Rilská 3174/6', 'Prague', NULL, 'Czech Republic', '14300', 25.86),
    (405, 20, '2025-11-21 00:00:00', '541 Del Medio Avenue', 'Mountain View', 'CA', 'USA', '94040-111', 0.99),
    (406, 21, '2025-12-04 00:00:00', '801 W 4th Street', 'Reno', 'NV', 'USA', '89503', 1.98),
    (407, 23, '2025-12-04 00:00:00', '69 Salem Street', 'Boston', 'MA', 'USA', '2113', 1.98),
    (408, 25, '2025-12-05 00:00:00', '319 N. Frances Street', 'Madison', 'WI', 'USA', '53703', 3.96),
    (409, 29, '2025-12-06 00:00:00', '796 Dundas Street West', 'Toronto', 'ON', 'Canada', 'M6J 1V1', 5.94),
    (410, 35, '2025-12-09 00:00:00', 'Rua dos Campeões Europeus de Viena, 4350', 'Porto', NULL, 'Portugal', NULL, 8.91),
    (411, 44, '2025-12-14 00:00:00', 'Porthaninkatu 9', 'Helsinki', NULL, 'Finland', '00530', 13.86),
    (412, 58, '2025-12-22 00:00:00', '12,Community Centre', 'Delhi', NULL, 'India', '110017', 1.99);

INSERT INTO [InvoiceLine] ([InvoiceLineId], [InvoiceId], [ProductId], [Price], [SubscriptionStatus]) VALUES
    (1, 1, 1, 0.99, 0),
    (2, 1, 2, 1.98, 0),
    (3, 2, 3, 2.97, 1),
    (4, 2, 4, 3.96, 1),
    (5, 3, 5, 4.95, 0),
    (6, 3, 6, 5.94, 0);